ID,DESCRICAO,MAQUINA,TEMPO
0,start,13,0
1,Fechar traseiro – TR1,9,26
2,marcar traseiro para fazer pence  - TR2,13,28
3,Fazer pence no traseiro -TR3,7,71
4,Fazer pence no bolso traseiro – BOL 1 ,8,152
5,Unir detalhe no  bolso traseiro – BOL 2,7,146
6,Virar e pespontar detalhe do bolso traseiro – BOL -3,7,92
7,Marcar bolso traseiro -  TR4,13,28
8,Pranchar bolso traseiro – BOL4,13,59
9,Fechar setinha  -  ST1,7,36
10,Virar setinha fazendo canto – ST2,13,61
11,Pespontar setinha – ST3,7,52
12,Pranchar detalhe do bolso traseiro – BOL 5,13,51
13,Pregar bolso traseiro – TR5,8,158
14,Refilar setinha – ST4,13,24
15,Marcar setinha para pespontar – ST5,13,10
16,Chulear braguilha estreita - B1,14,30
17,Fechar braguilha – B2,14,20
18,Virar braguilha – B3,13,35
19,Pregar zipper na braguilha larga com etiqueta –B4,7,31
20,Separar – B5,13,14
21,Unir braguilha larga na estreita – B6,7,30
22,Separar peças – B7,13,30
23,Refilar braguilha – B8,13,30
24,Chulear espelho – CH1,14,24
25,Chulear revel – CH2,14,49
26,Pregar revel – CH3,7,52
27,Virar e pespontar abertura com espelho dianteiro – FR1,8,100
28,Fazer segunda costura da abertura – FR2,8,73
29,Chulear dianteiro – FR3,14,24
30,Unir braguilha com dianteiro virar e pespontar-FR4,8,42
31,Fazer curvo – FR5,8,25
32,Fazer ganchinho – FR6,8,50
33,Unir lado esquerdo com direito – FR7,7,42
34,Fazer pique no  revel – FR8,13,30
35,Unir  Cós-  FR 9,14,30
36,Colecionar painéis – MT1,13,35
37,Fechar lateral – MT2,10,96
38,Pespontar lateral – MT3,8,38
39,Separar peças – MT4,13,12
40,Fechar entrepernas – MT5,10,43
41,Virar peças –MT6 ,13,16
42,Aplicar cós – MT7,11,35
43,Separar peças – MT8,13,18
44,Abrir e marcar ponta – MT9,13,138
45,Fazer ponta – MT10,7,168
46,Fazer bainha- MT11,8,163
47,Fazer 01 costura da bainha- MT12,7,134
48,Pregar setinha – MT13,7,120
49,Pregar etiqueta – MT14,7,10
50,Fazer passante – MT15,12,6
51,Medir e cortar  passante – MT16,13,6
52,Travetar dianteiro e traseiro – MT17,15,63
53,Travetar entrepernas-MT18,15,18
54,Travetar passante-MT19,15,85
55,Fazer pesponto do cós - MT20,7,110
56,fim,13,0
